Workbook

Sheet Settings
A1: Setting | B1: Value | C1: Notes
A2: Board count | B2: 1 | C2: Default: one board; DNP parts purchased but NOT fitted
A4: Usage | B4: Upload DigiKey Import sheet or supplied CSV. | C4: After edits, export that sheet as CSV; supplied CSV remains the one-board baseline.
A6: Packaging | B6: Same exact MPN, cut tape/single pieces where verified. | C6: No substitute MPNs; check live stock and MOQ at order time.

Sheet Order calculation
A1: MPN | B1: DigiKey SKU | C1: Qty per board | D1: Additional spares | E1: Order quantity | F1: References | G1: Assembly status | H1: Manufacturer | I1: Original SKU | J1: Product URL | K1: Verification
A2: 0470.500DRSNP | B2: F6622CT-ND | C2: 18 | D2: 0 | E2: =C2*Settings!$B$2+D2 -> 18 | F2: F401, F402, F403, F404, F405, F406, F407, F408, F409, F410, F411, F412, F413, F414, F415, F416, F417, F601 | G2: FIT | H2: Littelfuse Inc. | I2: F6622CT-ND | J2: https://www.digikey.com/en/products/detail/littelfuse-inc/0470-500DRSNP/5177124 | K2: MPN and packaging verified
A3: 7447789222 | B3: 732-4052-1-ND | C3: 1 | D3: 0 | E3: =C3*Settings!$B$2+D3 -> 1 | F3: L601 | G3: FIT | H3: Wurth Elektronik | I3: 732-4052-2-ND | J3: https://www.digikey.com/en/products/detail/w%C3%BCrth-elektronik/7447789222/3316854 | K3: MPN and packaging verified
A4: BQ79616PAPRQ1 | B4: 296-BQ79616PAPRQ1CT-ND | C4: 1 | D4: 0 | E4: =C4*Settings!$B$2+D4 -> 1 | F4: U201 | G4: FIT | H4: Texas Instruments | I4: 296-BQ79616PAPRQ1CT-ND | J4: https://www.digikey.com/en/products/detail/texas-instruments/BQ79616PAPRQ1/13627120 | K4: MPN and packaging verified
A5: C0603C101J5GACAUTO | B5: 399-6842-1-ND | C5: 2 | D5: 0 | E5: =C5*Settings!$B$2+D5 -> 2 | F5: C502, C505 | G5: FIT | H5: KEMET | I5: 399-6842-2-ND | J5: https://www.digikey.com/en/products/detail/kemet/C0603C101J5GACAUTO/3314841 | K5: MPN and packaging verified
A6: C0603C221J5GACAUTO | B6: 399-6868-1-ND | C6: 4 | D6: 0 | E6: =C6*Settings!$B$2+D6 -> 4 | F6: C501, C503, C504, C506 | G6: FIT | H6: KEMET | I6: 399-6868-2-ND | J6: https://www.digikey.com/en/products/detail/kemet/C0603C221J5GACAUTO/3314381 | K6: MPN and packaging verified
A7: C1206X103JAGACAUTO | B7: 399-11912-1-ND | C7: 1 | D7: 0 | E7: =C7*Settings!$B$2+D7 -> 1 | F7: C208 | G7: FIT | H7: KEMET | I7: 399-11912-2-ND | J7: https://www.digikey.de/en/products/detail/kemet/C1206X103JAGACAUTO/5181841 | K7: MPN and packaging verified
A8: CDSOD323-T15C | B8: CDSOD323-T15CCT-ND | C8: 4 | D8: 0 | E8: =C8*Settings!$B$2+D8 -> 4 | F8: D501, D502, D503, D504 | G8: FIT | H8: Bourns Inc. | I8: CDSOD323-T15CTR-ND | J8: https://www.digikey.com/en/products/detail/bourns-inc/CDSOD323-T15C/3742086 | K8: MPN and packaging verified
A9: CGA3E2X7R1H104K080AE | B9: 445-15957-1-ND | C9: 3 | D9: 0 | E9: =C9*Settings!$B$2+D9 -> 3 | F9: C205, C206, C606 | G9: FIT | H9: TDK | I9: 445-15957-2-ND | J9: https://www.digikey.com/en/products/detail/tdk/CGA3E2X7R1H104K080AE/4490594 | K9: Exact MPN/CT SKU verified. Listing shows zero stock/backorder; regional cached listings disagree. Confirm live stock before ordering.
A10: CGA3E3X7R1E474K080AE | B10: 445-173660-1-ND | C10: 34 | D10: 0 | E10: =C10*Settings!$B$2+D10 -> 34 | F10: C301, C302, C303, C304, C305, C306, C307, C308, C309, C310, C311, C312, C313, C314, C315, C316, C317, C318, C319, C320, C321, C322, C323, C324, C325, C326, C327, C328, C329, C330, C331, C332, C333, C334 | G10: FIT | H10: TDK | I10: 445-173660-2-ND | J10: https://www.digikey.com/en/products/detail/tdk/CGA3E3X7R1E474K080AE/5809731 | K10: MPN and packaging verified
A11: CGA6M2X7R2A105K200AE | B11: 445-173827-1-ND | C11: 1 | D11: 0 | E11: =C11*Settings!$B$2+D11 -> 1 | F11: C207 | G11: FIT | H11: TDK | I11: 445-173827-2-ND | J11: https://www.digikey.com/en/products/detail/tdk/CGA6M2X7R2A105K200AE/5809898 | K11: MPN and packaging verified
A12: CRCW06030000Z0EAHP | B12: 541-0.0SBCT-ND | C12: 28 | D12: 0 | E12: =C12*Settings!$B$2+D12 -> 28 | F12: R302, R303, R305, R308, R309, R310, R311, R314, R317, R318, R321, R324, R325, R328, R331, R332, R335, R338, R339, R342, R345, R346, R349, R352, R353, R356, R359, R360 | G12: PURCHASE, DO NOT POPULATE | H12: Vishay Dale | I12: 541-0.0SBTR-ND | J12: https://www.digikey.com/en/products/detail/vishay-dale/CRCW06030000Z0EAHP/2222231 | K12: MPN and packaging verified
A13: CRCW06031K00FKEAHP | B13: 541-1.00KSCT-ND | C13: 10 | D13: 0 | E13: =C13*Settings!$B$2+D13 -> 10 | F13: R211, R212, R213, R214, R215, R216, R217, R218, R502, R505 | G13: FIT | H13: Vishay Dale | I13: 541-1.00KSTR-ND | J13: https://www.digikey.com/en/products/detail/vishay-dale/CRCW06031K00FKEAHP/2222766 | K13: MPN and packaging verified
... A35: TNPW0603100RBEEA | B35: TNP100AACT-ND | C35: 17 | D35: 0 | E35: =C35*Settings!$B$2+D35 -> 17 | F35: R301, R306, R307, R315, R316, R322, R323, R329, R330, R336, R337, R343, R344, R350, R351, R357, R358 | G35: FIT | H35: Vishay Dale | I35: TNP100AATR-ND | J35: https://www.digikey.com/en/products/detail/vishay-dale/TNPW0603100RBEEA/1857056 | K35: MPN and packaging verified

Sheet DigiKey Import
A1: DigiKey Part Number | B1: Quantity | C1: Customer Reference | D1: Manufacturer | E1: Manufacturer Part Number | F1: Assembly Status
A2: F6622CT-ND | B2: ='Order calculation'!E2 -> 18 | C2: F401, F402, F403, F404, F405, F406, F407, F408, F409, F410, F411, F412, F413, F414, F415, F416, F417, F601 | D2: Littelfuse Inc. | E2: 0470.500DRSNP | F2: FIT
A3: 732-4052-1-ND | B3: ='Order calculation'!E3 -> 1 | C3: L601 | D3: Wurth Elektronik | E3: 7447789222 | F3: FIT
A4: 296-BQ79616PAPRQ1CT-ND | B4: ='Order calculation'!E4 -> 1 | C4: U201 | D4: Texas Instruments | E4: BQ79616PAPRQ1 | F4: FIT
A5: 399-6842-1-ND | B5: ='Order calculation'!E5 -> 2 | C5: C502, C505 | D5: KEMET | E5: C0603C101J5GACAUTO | F5: FIT
A6: 399-6868-1-ND | B6: ='Order calculation'!E6 -> 4 | C6: C501, C503, C504, C506 | D6: KEMET | E6: C0603C221J5GACAUTO | F6: FIT
A7: 399-11912-1-ND | B7: ='Order calculation'!E7 -> 1 | C7: C208 | D7: KEMET | E7: C1206X103JAGACAUTO | F7: FIT
A8: CDSOD323-T15CCT-ND | B8: ='Order calculation'!E8 -> 4 | C8: D501, D502, D503, D504 | D8: Bourns Inc. | E8: CDSOD323-T15C | F8: FIT
A9: 445-15957-1-ND | B9: ='Order calculation'!E9 -> 3 | C9: C205, C206, C606 | D9: TDK | E9: CGA3E2X7R1H104K080AE | F9: FIT
A10: 445-173660-1-ND | B10: ='Order calculation'!E10 -> 34 | C10: C301, C302, C303, C304, C305, C306, C307, C308, C309, C310, C311, C312, C313, C314, C315, C316, C317, C318, C319, C320, C321, C322, C323, C324, C325, C326, C327, C328, C329, C330, C331, C332, C333, C334 | D10: TDK | E10: CGA3E3X7R1E474K080AE | F10: FIT
A11: 445-173827-1-ND | B11: ='Order calculation'!E11 -> 1 | C11: C207 | D11: TDK | E11: CGA6M2X7R2A105K200AE | F11: FIT
A12: 541-0.0SBCT-ND | B12: ='Order calculation'!E12 -> 28 | C12: DNP - R302, R303, R305, R308, R309, R310, R311, R314, R317, R318, R321, R324, R325, R328, R331, R332, R335, R338, R339, R342, R345, R346, R349, R352, R353, R356, R359, R360 | D12: Vishay Dale | E12: CRCW06030000Z0EAHP | F12: PURCHASE, DO NOT POPULATE
A13: 541-1.00KSCT-ND | B13: ='Order calculation'!E13 -> 10 | C13: R211, R212, R213, R214, R215, R216, R217, R218, R502, R505 | D13: Vishay Dale | E13: CRCW06031K00FKEAHP | F13: FIT
... A35: TNP100AACT-ND | B35: ='Order calculation'!E35 -> 17 | C35: R301, R306, R307, R315, R316, R322, R323, R329, R330, R336, R337, R343, R344, R350, R351, R357, R358 | D35: Vishay Dale | E35: TNPW0603100RBEEA | F35: FIT
